{"cameraMode":{"drawMode":0,"name":"Shaded","section":"Shading Mode"},"sceneLighting":false,"audioPlay":false,"sceneViewState":{"showFog":true,"showMaterialUpdate":false,"showSkybox":false,"showFlares":false,"showImageEffects":false,"showParticleSystems":false},"in2DMode":false,"pivot":{"x":-5.3349080085754398,"y":3.406599283218384,"z":26.30263328552246},"rotation":{"x":0.03099791891872883,"y":0.10923393070697785,"z":0.003408112097531557,"w":-0.993526816368103},"size":2.671586513519287,"orthographic":false}