{"cameraMode":{"drawMode":0,"name":"Shaded","section":"Shading Mode"},"sceneLighting":true,"audioPlay":false,"sceneViewState":{"showFog":true,"showMaterialUpdate":false,"showSkybox":true,"showFlares":false,"showImageEffects":false,"showParticleSystems":false},"in2DMode":false,"pivot":{"x":383.7240295410156,"y":181.81112670898438,"z":-1.4493426084518433},"rotation":{"x":0.027517015114426614,"y":-0.8935876488685608,"z":0.05530310794711113,"w":0.4446185231208801},"size":469.47027587890627,"orthographic":false}