{"cameraMode":{"drawMode":0,"name":"Shaded","section":"Shading Mode"},"sceneLighting":true,"audioPlay":false,"sceneViewState":{"showFog":true,"showMaterialUpdate":false,"showSkybox":true,"showFlares":false,"showImageEffects":false,"showParticleSystems":false},"in2DMode":false,"pivot":{"x":-17.130495071411134,"y":3.415874481201172,"z":9.20306396484375},"rotation":{"x":0.13168396055698396,"y":-0.829814612865448,"z":0.22058217227458955,"w":0.49538934230804446},"size":3.4045231342315676,"orthographic":false}