{"cameraMode":{"drawMode":0,"name":"Shaded","section":"Shading Mode"},"sceneLighting":false,"audioPlay":false,"sceneViewState":{"showFog":true,"showMaterialUpdate":false,"showSkybox":false,"showFlares":false,"showImageEffects":false,"showParticleSystems":false},"in2DMode":false,"pivot":{"x":-17.142253875732423,"y":3.552398443222046,"z":10.10853099822998},"rotation":{"x":-0.13945673406124116,"y":0.6768027544021606,"z":-0.13283848762512208,"w":-0.7105236053466797},"size":7.006228446960449,"orthographic":false}