{"cameraMode":{"drawMode":0,"name":"Shaded","section":"Shading Mode"},"sceneLighting":false,"audioPlay":false,"sceneViewState":{"showFog":true,"showMaterialUpdate":false,"showSkybox":false,"showFlares":false,"showImageEffects":false,"showParticleSystems":false},"in2DMode":false,"pivot":{"x":-3.6711597442626955,"y":-3.351618766784668,"z":26.92548179626465},"rotation":{"x":-0.1982208490371704,"y":0.7368314862251282,"z":-0.24402259290218354,"w":-0.5985323190689087},"size":24.02454948425293,"orthographic":false}