{"cameraMode":{"drawMode":0,"name":"Shaded","section":"Shading Mode"},"sceneLighting":false,"audioPlay":false,"sceneViewState":{"showFog":true,"showMaterialUpdate":false,"showSkybox":false,"showFlares":false,"showImageEffects":false,"showParticleSystems":false},"in2DMode":false,"pivot":{"x":-6.400529861450195,"y":3.287848472595215,"z":23.695266723632814},"rotation":{"x":0.027517013251781465,"y":-0.8935876488685608,"z":0.05530310422182083,"w":0.44461849331855776},"size":2.671586513519287,"orthographic":false}