{"cameraMode":{"drawMode":0,"name":"Shaded","section":"Shading Mode"},"sceneLighting":false,"audioPlay":false,"sceneViewState":{"showFog":true,"showMaterialUpdate":false,"showSkybox":false,"showFlares":false,"showImageEffects":false,"showParticleSystems":false},"in2DMode":false,"pivot":{"x":-16.843503952026368,"y":3.907728433609009,"z":11.594356536865235},"rotation":{"x":0.0028038464952260257,"y":0.9958956837654114,"z":-0.0841631218791008,"w":0.03317553550004959},"size":2.504523277282715,"orthographic":false}