{"cameraMode":{"drawMode":0,"name":"Shaded","section":"Shading Mode"},"sceneLighting":false,"audioPlay":false,"sceneViewState":{"showFog":true,"showMaterialUpdate":false,"showSkybox":false,"showFlares":false,"showImageEffects":false,"showParticleSystems":false},"in2DMode":false,"pivot":{"x":-17.130495071411134,"y":3.415874481201172,"z":9.20306396484375},"rotation":{"x":-0.13945673406124116,"y":0.6768027544021606,"z":-0.13283848762512208,"w":-0.7105236053466797},"size":3.4045231342315676,"orthographic":false}