{"cameraMode":{"drawMode":0,"name":"Shaded","section":"Shading Mode"},"sceneLighting":false,"audioPlay":false,"sceneViewState":{"showFog":true,"showMaterialUpdate":false,"showSkybox":false,"showFlares":false,"showImageEffects":false,"showParticleSystems":false},"in2DMode":false,"pivot":{"x":-4.945591449737549,"y":3.0089545249938967,"z":25.000572204589845},"rotation":{"x":-0.160307377576828,"y":0.7276602983474731,"z":-0.18178436160087586,"w":-0.6416904330253601},"size":4.337164878845215,"orthographic":false}