{"cameraMode":{"drawMode":0,"name":"Shaded","section":"Shading Mode"},"sceneLighting":false,"audioPlay":false,"sceneViewState":{"showFog":true,"showMaterialUpdate":false,"showSkybox":false,"showFlares":false,"showImageEffects":false,"showParticleSystems":false},"in2DMode":false,"pivot":{"x":0.4012627601623535,"y":3.520042657852173,"z":-6.5352678298950199},"rotation":{"x":0.028656987473368646,"y":-0.9537593126296997,"z":0.09651550650596619,"w":0.28320804238319399},"size":4.581262588500977,"orthographic":false}