{"cameraMode":{"drawMode":0,"name":"Shaded","section":"Shading Mode"},"sceneLighting":false,"audioPlay":false,"sceneViewState":{"showFog":true,"showMaterialUpdate":false,"showSkybox":false,"showFlares":false,"showImageEffects":false,"showParticleSystems":false},"in2DMode":false,"pivot":{"x":-17.992650985717775,"y":2.8649027347564699,"z":1.6792974472045899},"rotation":{"x":-0.007114344742149115,"y":0.991155207157135,"z":-0.11835960298776627,"w":-0.059596527367830279},"size":10.671368598937989,"orthographic":false}