{"cameraMode":{"drawMode":0,"name":"Shaded","section":"Shading Mode"},"sceneLighting":false,"audioPlay":false,"sceneViewState":{"showFog":true,"showMaterialUpdate":false,"showSkybox":false,"showFlares":false,"showImageEffects":false,"showParticleSystems":false},"in2DMode":false,"pivot":{"x":-4.9935302734375,"y":3.0097131729125978,"z":24.846797943115236},"rotation":{"x":0.08232323080301285,"y":0.7800254821777344,"z":-0.1050325483083725,"w":0.6113520264625549},"size":4.562776565551758,"orthographic":false}