{"cameraMode":{"drawMode":0,"name":"Shaded","section":"Shading Mode"},"sceneLighting":false,"audioPlay":false,"sceneViewState":{"showFog":true,"showMaterialUpdate":false,"showSkybox":false,"showFlares":false,"showImageEffects":false,"showParticleSystems":false},"in2DMode":false,"pivot":{"x":-13.101179122924805,"y":7.1224365234375,"z":12.163358688354493},"rotation":{"x":-0.26546624302864077,"y":0.5608806014060974,"z":-0.19610781967639924,"w":-0.7592644095420837},"size":2.0400729179382326,"orthographic":false}