{"cameraMode":{"drawMode":0,"name":"Shaded","section":"Shading Mode"},"sceneLighting":false,"audioPlay":false,"sceneViewState":{"showFog":true,"showMaterialUpdate":false,"showSkybox":false,"showFlares":false,"showImageEffects":false,"showParticleSystems":false},"in2DMode":false,"pivot":{"x":-0.3366226255893707,"y":0.020630937069654466,"z":16.600982666015626},"rotation":{"x":0.04621973633766174,"y":-0.8987479209899902,"z":0.09776391834020615,"w":0.4249213635921478},"size":22.0,"orthographic":false}