{"cameraMode":{"drawMode":0,"name":"Shaded","section":"Shading Mode"},"sceneLighting":false,"audioPlay":false,"sceneViewState":{"showFog":true,"showMaterialUpdate":false,"showSkybox":false,"showFlares":false,"showImageEffects":false,"showParticleSystems":false},"in2DMode":false,"pivot":{"x":2.384185791015625e-7,"y":0.00010017678141593933,"z":0.06902968883514404},"rotation":{"x":-0.08372896164655686,"y":0.8976629376411438,"z":-0.19447973370552064,"w":-0.3864821195602417},"size":2.5674736499786379,"orthographic":false}