{"cameraMode":{"drawMode":0,"name":"Shaded","section":"Shading Mode"},"sceneLighting":false,"audioPlay":false,"sceneViewState":{"showFog":true,"showMaterialUpdate":false,"showSkybox":false,"showFlares":false,"showImageEffects":false,"showParticleSystems":false},"in2DMode":false,"pivot":{"x":-1.9371509552001954e-7,"y":-0.00011270865797996521,"z":0.4785054922103882},"rotation":{"x":-0.22010397911071778,"y":0.6549699306488037,"z":-0.20825740694999696,"w":-0.6922409534454346},"size":2.025527000427246,"orthographic":false}